Column one - Optional Note Area, Column two - Optional Note Area

  7/1/2024 - Optional Note Area     7/2/2024 - Optional Note Area

  7/3/2024 - Optional Note Area    7/4/2024 - Optional Note Area

  7/5/2024 - Optional Note Area     7/6/2024 - Optional Note Area

  7/7/2024 - Optional Note Area     7/8/2024 - Optional Note Area

  7/9/2024 - Optional Note Area    7/10/2024 - Optional Note Area

 7/11/2024 - Optional Note Area    7/12/2024 - Optional Note Area

 7/13/2024 - Optional Note Area    7/14/2024 - Optional Note Area

 7/15/2024 - Optional Note Area    7/16/2024 - Optional Note Area

 7/17/2024 - Optional Note Area    7/18/2024 - Optional Note Area

 7/19/2024 - Optional Note Area    7/20/2024 - Optional Note Area

 7/21/2024 - Optional Note Area    7/22/2024 - Optional Note Area